source,target,category,imagesMigrated,status
css/grid.md,语言基础/grid/index.md,语言基础,true,success
css/placeholder.md,语言基础/placeholder/index.md,语言基础,true,success
css/tailWindcss-start.md,语言基础/tailWindcss-start/index.md,语言基础,true,success
docker/docker-start.md,DevOps/docker-start/index.md,DevOps,true,success
electron/electron-bug.md,前端工程/electron-bug/index.md,前端工程,true,success
electron/electron-check-update.md,前端工程/electron-check-update/index.md,前端工程,true,success
electron/electron-diaoyan.md,前端工程/electron-diaoyan/index.md,前端工程,true,success
electron/electron-object-destroyed.md,前端工程/electron-object-destroyed/index.md,前端工程,true,success
electron/electron-og.md,前端工程/electron-og/index.md,前端工程,true,success
electron/electron-open-other.md,前端工程/electron-open-other/index.md,前端工程,true,success
electron/electron-protocol.md,前端工程/electron-protocol/index.md,前端工程,true,success
electron/electron-sentry.md,前端工程/electron-sentry/index.md,前端工程,true,success
electron/electron-sign-windows.md,前端工程/electron-sign-windows/index.md,前端工程,true,success
electron/electron-sign.md,前端工程/electron-sign/index.md,前端工程,true,success
electron/electron-sqlite3-bug.md,前端工程/electron-sqlite3-bug/index.md,前端工程,true,success
electron/electron-sqlite3-start.md,前端工程/electron-sqlite3-start/index.md,前端工程,true,success
electron/electron-sqlite3.md,前端工程/electron-sqlite3/index.md,前端工程,true,success
electron/electron-start.md,前端工程/electron-start/index.md,前端工程,true,success
electron/electron-update.md,前端工程/electron-update/index.md,前端工程,true,success
electron/electron-webview-zoom.md,前端工程/electron-webview-zoom/index.md,前端工程,true,success
electron/hybrid-electron.md,前端工程/hybrid-electron/index.md,前端工程,true,success
electron/sentry-electron.md,前端工程/sentry-electron/index.md,前端工程,true,success
flutter/flutter-dart.md,前端框架/flutter-dart/index.md,前端框架,true,success
flutter/flutter-other.md,前端框架/flutter-other/index.md,前端框架,true,success
flutter/flutter-route-manage.md,前端框架/flutter-route-manage/index.md,前端框架,true,success
flutter/flutter-start.md,前端框架/flutter-start/index.md,前端框架,true,success
flutter/flutter-state-manage.md,前端框架/flutter-state-manage/index.md,前端框架,true,success
flutter/flutter-wechat-pay.md,前端框架/flutter-wechat-pay/index.md,前端框架,true,success
git/git-autocrlf.md,DevOps/git-autocrlf/index.md,DevOps,true,success
git/git-ignorecase.md,DevOps/git-ignorecase/index.md,DevOps,true,success
git/git-notes.md,DevOps/git-notes/index.md,DevOps,true,success
git/git-rebase.md,DevOps/git-rebase/index.md,DevOps,true,success
git/git-username.md,DevOps/git-username/index.md,DevOps,true,success
git/gitflow.md,DevOps/gitflow/index.md,DevOps,true,success
git/gitlab-ci-start.md,DevOps/gitlab-ci-start/index.md,DevOps,true,success
http/http.md,语言基础/http/index.md,语言基础,false,success
javascript/async-await.md,语言基础/async-await/index.md,语言基础,true,success
javascript/createEvent.md,语言基础/createEvent/index.md,语言基础,true,success
javascript/html2docs.md,语言基础/html2docs/index.md,语言基础,true,success
javascript/http-cache.md,语言基础/http-cache/index.md,语言基础,true,success
javascript/image-load.md,语言基础/image-load/index.md,语言基础,true,success
javascript/indexDB-dexie.md,语言基础/indexDB-dexie/index.md,语言基础,true,success
javascript/javascript-utils.md,语言基础/javascript-utils/index.md,语言基础,true,success
javascript/memory-leak.md,语言基础/memory-leak/index.md,语言基础,true,success
javascript/office-preview-type.md,语言基础/office-preview-type/index.md,语言基础,true,success
javascript/page-alive.md,语言基础/page-alive/index.md,语言基础,true,success
javascript/performance-optimization.md,语言基础/performance-optimization/index.md,语言基础,true,success
javascript/preload-prefetch.md,语言基础/preload-prefetch/index.md,语言基础,true,success
javascript/scrollend.md,语言基础/scrollend/index.md,语言基础,true,success
javascript/storage-change.md,语言基础/storage-change/index.md,语言基础,true,success
javascript/turborepo-start.md,语言基础/turborepo-start/index.md,语言基础,true,success
javascript/webworker.md,语言基础/webworker/index.md,语言基础,true,success
javascript/zero-width-space.md,语言基础/zero-width-space/index.md,语言基础,true,success
leetcode/array-code.md,算法/array-code/index.md,算法,true,success
leetcode/array-code1.md,算法/array-code1/index.md,算法,true,success
leetcode/back-tracking-code.md,算法/back-tracking-code/index.md,算法,true,success
leetcode/back-tracking-code1.md,算法/back-tracking-code1/index.md,算法,true,success
leetcode/back-tracking-code2.md,算法/back-tracking-code2/index.md,算法,true,success
leetcode/back-tracking-code3.md,算法/back-tracking-code3/index.md,算法,true,success
leetcode/binary-tree-code.md,算法/binary-tree-code/index.md,算法,true,success
leetcode/binary-tree-code1.md,算法/binary-tree-code1/index.md,算法,true,success
leetcode/binary-tree-code2.md,算法/binary-tree-code2/index.md,算法,true,success
leetcode/binary-tree-code3.md,算法/binary-tree-code3/index.md,算法,true,success
leetcode/binary-tree-code4.md,算法/binary-tree-code4/index.md,算法,true,success
leetcode/binary-tree-code5.md,算法/binary-tree-code5/index.md,算法,true,success
leetcode/binary-tree-code6.md,算法/binary-tree-code6/index.md,算法,true,success
leetcode/binary-tree-code7.md,算法/binary-tree-code7/index.md,算法,true,success
leetcode/dynamic-programming-code.md,算法/dynamic-programming-code/index.md,算法,true,success
leetcode/dynamic-programming-code10.md,算法/dynamic-programming-code10/index.md,算法,true,success
leetcode/dynamic-programming-code11.md,算法/dynamic-programming-code11/index.md,算法,true,success
leetcode/dynamic-programming-code12.md,算法/dynamic-programming-code12/index.md,算法,true,success
leetcode/dynamic-programming-code13.md,算法/dynamic-programming-code13/index.md,算法,true,success
leetcode/dynamic-programming-code2.md,算法/dynamic-programming-code2/index.md,算法,true,success
leetcode/dynamic-programming-code3.md,算法/dynamic-programming-code3/index.md,算法,true,success
leetcode/dynamic-programming-code4.md,算法/dynamic-programming-code4/index.md,算法,true,success
leetcode/dynamic-programming-code5.md,算法/dynamic-programming-code5/index.md,算法,true,success
leetcode/dynamic-programming-code6.md,算法/dynamic-programming-code6/index.md,算法,true,success
leetcode/dynamic-programming-code7.md,算法/dynamic-programming-code7/index.md,算法,true,success
leetcode/dynamic-programming-code8.md,算法/dynamic-programming-code8/index.md,算法,true,success
leetcode/dynamic-programming-code9.md,算法/dynamic-programming-code9/index.md,算法,true,success
leetcode/graph-theory.md,算法/graph-theory/index.md,算法,true,success
leetcode/graph-theory2.md,算法/graph-theory2/index.md,算法,true,success
leetcode/greedy-algorithmc-code.md,算法/greedy-algorithmc-code/index.md,算法,true,success
leetcode/greedy-algorithmc-code2.md,算法/greedy-algorithmc-code2/index.md,算法,true,success
leetcode/greedy-algorithmc-code3.md,算法/greedy-algorithmc-code3/index.md,算法,true,success
leetcode/greedy-algorithmc-code4.md,算法/greedy-algorithmc-code4/index.md,算法,true,success
leetcode/greedy-algorithmc-code5.md,算法/greedy-algorithmc-code5/index.md,算法,true,success
leetcode/hash-code.md,算法/hash-code/index.md,算法,true,success
leetcode/hash-code1.md,算法/hash-code1/index.md,算法,true,success
leetcode/linked-list-code.md,算法/linked-list-code/index.md,算法,true,success
leetcode/linked-list-code1.md,算法/linked-list-code1/index.md,算法,true,success
leetcode/monotone-stack.md,算法/monotone-stack/index.md,算法,true,success
leetcode/monotone-stack1.md,算法/monotone-stack1/index.md,算法,true,success
leetcode/stack-code.md,算法/stack-code/index.md,算法,true,success
leetcode/stack-code1.md,算法/stack-code1/index.md,算法,true,success
leetcode/string-code.md,算法/string-code/index.md,算法,true,success
leetcode/string-code1.md,算法/string-code1/index.md,算法,true,success
linux/centos-docker.md,DevOps/centos-docker/index.md,DevOps,true,success
linux/linux-no-possword.md,DevOps/linux-no-possword/index.md,DevOps,true,success
mobile/mobileDebugging.md,工具/mobileDebugging/index.md,工具,true,success
nest/mysql-satart.md,前端工程/mysql-satart/index.md,前端工程,true,success
nest/nest-bff.md,前端工程/nest-bff/index.md,前端工程,true,success
nest/nest-start.md,前端工程/nest-start/index.md,前端工程,true,success
node/bff-express-esm.md,前端工程/bff-express-esm/index.md,前端工程,true,success
node/bff-express.md,前端工程/bff-express/index.md,前端工程,true,success
node/bff.md,前端工程/bff/index.md,前端工程,true,success
node/deploy-server.md,前端工程/deploy-server/index.md,前端工程,true,success
node/express-mysql2.md,前端工程/express-mysql2/index.md,前端工程,true,success
node/express-swigger.md,前端工程/express-swigger/index.md,前端工程,true,success
node/socketIO-start.md,前端工程/socketIO-start/index.md,前端工程,true,success
photography/nd.md,其他/nd/index.md,其他,false,success
pnpm/pnpm-monorepo.md,前端工程/pnpm-monorepo/index.md,前端工程,false,success
prosemirror/html2docs-pdf.md,编辑器/html2docs-pdf/index.md,编辑器,true,success
react/create-react-app.md,前端框架/create-react-app/index.md,前端框架,true,success
react/dompurify.md,前端框架/dompurify/index.md,前端框架,true,success
react/eslint-react.md,前端框架/eslint-react/index.md,前端框架,true,success
react/react-classnames.md,前端框架/react-classnames/index.md,前端框架,true,success
react/react-grid-layout.md,前端框架/react-grid-layout/index.md,前端框架,true,success
react/react-intl.md,前端框架/react-intl/index.md,前端框架,true,success
react/react-philosophies.md,前端框架/react-philosophies/index.md,前端框架,true,success
react/react-query.md,前端框架/react-query/index.md,前端框架,true,success
react/react-router-change.md,前端框架/react-router-change/index.md,前端框架,true,success
react/react-vs-vue3.md,前端框架/react-vs-vue3/index.md,前端框架,true,success
react/redux-audition.md,前端框架/redux-audition/index.md,前端框架,true,success
react/tomcat-404.md,前端框架/tomcat-404/index.md,前端框架,true,success
reactNative/react-native-errors.md,前端框架/react-native-errors/index.md,前端框架,true,success
superpowers/plans/2026-05-20-blog-v2-migration.md,其他/2026-05-20-blog-v2-migration/index.md,其他,false,success
superpowers/specs/2026-05-20-blog-v2-migration-design.md,其他/2026-05-20-blog-v2-migration-design/index.md,其他,false,success
taro/taro-get-started.md,前端框架/taro-get-started/index.md,前端框架,true,success
taro/taro-start.md,前端框架/taro-start/index.md,前端框架,true,success
tiptap/tiptap-tutorial.md,编辑器/tiptap-tutorial/index.md,编辑器,true,success
tiptap/tiptap-tutorial10.md,编辑器/tiptap-tutorial10/index.md,编辑器,true,success
tiptap/tiptap-tutorial2.md,编辑器/tiptap-tutorial2/index.md,编辑器,true,success
tiptap/tiptap-tutorial3.md,编辑器/tiptap-tutorial3/index.md,编辑器,true,success
tiptap/tiptap-tutorial4.md,编辑器/tiptap-tutorial4/index.md,编辑器,true,success
tiptap/tiptap-tutorial5.md,编辑器/tiptap-tutorial5/index.md,编辑器,true,success
tiptap/tiptap-tutorial6.md,编辑器/tiptap-tutorial6/index.md,编辑器,true,success
tiptap/tiptap-tutorial7.md,编辑器/tiptap-tutorial7/index.md,编辑器,true,success
tiptap/tiptap-tutorial8.md,编辑器/tiptap-tutorial8/index.md,编辑器,true,success
tiptap/tiptap-tutorial9.md,编辑器/tiptap-tutorial9/index.md,编辑器,true,success
tool/2023-summary.md,工具/2023-summary/index.md,工具,true,success
tool/2024-summary.md,工具/2024-summary/index.md,工具,true,success
tool/blog.md,工具/blog/index.md,工具,true,success
tool/chatgpt.md,工具/chatgpt/index.md,工具,true,success
tool/chrome-extension.md,工具/chrome-extension/index.md,工具,true,success
tool/chrome-override.md,工具/chrome-override/index.md,工具,true,success
tool/debugging.md,工具/debugging/index.md,工具,true,success
tool/mac.md,工具/mac/index.md,工具,true,success
tool/mcp-server.md,工具/mcp-server/index.md,工具,true,success
tool/mock.md,工具/mock/index.md,工具,true,success
tool/moment-api.md,工具/moment-api/index.md,工具,true,success
tool/mvp.md,工具/mvp/index.md,工具,true,success
tool/np.md,工具/np/index.md,工具,true,success
tool/prosemirror-tables.md,工具/prosemirror-tables/index.md,工具,true,success
tool/vitepress-error.md,工具/vitepress-error/index.md,工具,true,success
tool/vscode-web-error.md,工具/vscode-web-error/index.md,工具,true,success
tool/whistle.md,工具/whistle/index.md,工具,true,success
tool/yarn-certificate.md,工具/yarn-certificate/index.md,工具,true,success
vite/componentLibrary.md,前端工程/componentLibrary/index.md,前端工程,true,success
vite/create-vite.md,前端工程/create-vite/index.md,前端工程,true,success
vite/vite-env.md,前端工程/vite-env/index.md,前端工程,true,success
vite/vite-mulit-import.md,前端工程/vite-mulit-import/index.md,前端工程,true,success
vite/vite-react-cli.md,前端工程/vite-react-cli/index.md,前端工程,true,success
vite/vite-react.md,前端工程/vite-react/index.md,前端工程,true,success
vite/vite.md,前端工程/vite/index.md,前端工程,true,success
vite/vite3.0.md,前端工程/vite3.0/index.md,前端工程,true,success
vscode/vscode-markdown.md,编辑器/vscode-markdown/index.md,编辑器,true,success
vscode/vscode-todo.md,编辑器/vscode-todo/index.md,编辑器,true,success
vue/antd-form.md,前端框架/antd-form/index.md,前端框架,true,success
vue/antd-vue.md,前端框架/antd-vue/index.md,前端框架,true,success
vue/axios-token.md,前端框架/axios-token/index.md,前端框架,true,success
vue/history-mode.md,前端框架/history-mode/index.md,前端框架,true,success
vue/keepAlive.md,前端框架/keepAlive/index.md,前端框架,true,success
vue/tjTodo.md,前端框架/tjTodo/index.md,前端框架,true,success
vue/unplugin-auto-import.md,前端框架/unplugin-auto-import/index.md,前端框架,true,success
vue/vue-scoped-issue.md,前端框架/vue-scoped-issue/index.md,前端框架,true,success
vue/vue3-jsx.md,前端框架/vue3-jsx/index.md,前端框架,true,success
vue/vue3-lint-staged.md,前端框架/vue3-lint-staged/index.md,前端框架,true,success
vue/vue3-unexpected-token.md,前端框架/vue3-unexpected-token/index.md,前端框架,true,success
webrtc/getstarted-webrtc.md,其他/getstarted-webrtc/index.md,其他,true,success
webrtc/livekit-start.md,其他/livekit-start/index.md,其他,true,success
webrtc/webrtc-one.md,其他/webrtc-one/index.md,其他,true,success
wechat/uniapp-start.md,工具/uniapp-start/index.md,工具,true,success
wechat/wechat-app.md,工具/wechat-app/index.md,工具,true,success
work/360-develop.md,工作/360-develop/index.md,工作,true,success
work/babel.md,工作/babel/index.md,工作,true,success
work/click-event.md,工作/click-event/index.md,工作,true,success
work/contentEdit-div-insert.md,工作/contentEdit-div-insert/index.md,工作,true,success
work/developer.md,工作/developer/index.md,工作,true,success
work/echarts.md,工作/echarts/index.md,工作,true,success
work/email-font.md,工作/email-font/index.md,工作,true,success
work/excalidraw-use.md,工作/excalidraw-use/index.md,工作,true,success
work/excalidraw.md,工作/excalidraw/index.md,工作,true,success
work/font-loading-speed.md,工作/font-loading-speed/index.md,工作,true,success
work/g2-vs-echarts.md,工作/g2-vs-echarts/index.md,工作,true,success
work/h5-app.md,工作/h5-app/index.md,工作,true,success
work/html2canvas-bug.md,工作/html2canvas-bug/index.md,工作,true,success
work/i18n.md,工作/i18n/index.md,工作,true,success
work/image-type.md,工作/image-type/index.md,工作,true,success
work/jenkins-start.md,工作/jenkins-start/index.md,工作,true,success
work/js-long.md,工作/js-long/index.md,工作,true,success
work/malformed.md,工作/malformed/index.md,工作,true,success
work/mutationObserver.md,工作/mutationObserver/index.md,工作,true,success
work/nocoDB-tutorial.md,工作/nocoDB-tutorial/index.md,工作,true,success
work/node16-docker.md,工作/node16-docker/index.md,工作,true,success
work/one-react-screenshots.md,工作/one-react-screenshots/index.md,工作,true,success
work/plop-express.md,工作/plop-express/index.md,工作,true,success
work/puppeteer.md,工作/puppeteer/index.md,工作,true,success
work/react-ref.md,工作/react-ref/index.md,工作,true,success
work/report-2023.md,工作/report-2023/index.md,工作,true,success
work/report-regular.md,工作/report-regular/index.md,工作,true,success
work/richeditor.md,工作/richeditor/index.md,工作,true,success
work/sentry-cli-error.md,工作/sentry-cli-error/index.md,工作,true,success
work/sentry-error.md,工作/sentry-error/index.md,工作,true,success
work/sentry.md,工作/sentry/index.md,工作,true,success
work/server-deploy.md,工作/server-deploy/index.md,工作,true,success
work/sse.md,工作/sse/index.md,工作,true,success
work/supaBase-tutorial.md,工作/supaBase-tutorial/index.md,工作,true,success
work/text-decoration.md,工作/text-decoration/index.md,工作,true,success
work/unocss.md,工作/unocss/index.md,工作,true,success
work/white-board.md,工作/white-board/index.md,工作,true,success
work/word-cpu.md,工作/word-cpu/index.md,工作,true,success
work/zero-width-spaces.md,工作/zero-width-spaces/index.md,工作,true,success